CREATE TABLE animal (
       num_astronaut        INTEGER NOT NULL,
       year_birthday        NUMERIC(4),
       name                 VARCHAR(40)
);


ALTER TABLE animal
       ADD PRIMARY KEY (num_astronaut);


CREATE TABLE assignee (
       num_country          INTEGER NOT NULL,
       date_change_name     DATE NOT NULL,
       name_country         VARCHAR(40)
);


ALTER TABLE assignee
       ADD PRIMARY KEY (num_country, date_change_name);


CREATE TABLE astronaut (
       num_astronaut        INTEGER NOT NULL,
       num_species          INTEGER NOT NULL,
       sex                  CHAR(1)
);


ALTER TABLE astronaut
       ADD PRIMARY KEY (num_astronaut);


CREATE TABLE carrier_rocket (
       num_carrier_rocket   INTEGER NOT NULL,
       num_country          INTEGER,
       name_carrier_rocket  VARCHAR(30),
       stages               INTEGER,
       fully_loaded         FLOAT
);


ALTER TABLE carrier_rocket
       ADD PRIMARY KEY (num_carrier_rocket);


CREATE TABLE cosmodrome (
       num_cosmodrome       INTEGER NOT NULL,
       num_country          INTEGER NOT NULL,
       name_cosmodrom       VARCHAR(40),
       longitude            FLOAT,
       latitude             FLOAT,
       satellite_inclination_min FLOAT,
       satellite_inclination_max FLOAT,
       year_open            INTEGER,
       comment              TEXT
);


ALTER TABLE cosmodrome
       ADD PRIMARY KEY (num_cosmodrome);


CREATE TABLE country (
       num_country          INTEGER NOT NULL,
       short_name_country   VARCHAR(30)
);


ALTER TABLE country
       ADD PRIMARY KEY (num_country);


CREATE TABLE education (
       num_education        INTEGER NOT NULL,
       num_astronaut        INTEGER NOT NULL,
       num_educational_institution INTEGER NOT NULL,
       degree               VARCHAR(20),
       date_get_degree      DATE,
       type_education       CHAR(2)
);


ALTER TABLE education
       ADD PRIMARY KEY (num_education);


CREATE TABLE educational_institution (
       num_educational_institution INTEGER NOT NULL,
       name_educational_institution VARCHAR(40),
       city_educational_institution VARCHAR(30)
);


ALTER TABLE educational_institution
       ADD PRIMARY KEY (num_educational_institution);


CREATE TABLE heavenly_body (
       num_heavenly_body    INTEGER NOT NULL,
       name_heavenly_body   VARCHAR(40),
       satellite            INTEGER
);


ALTER TABLE heavenly_body
       ADD PRIMARY KEY (num_heavenly_body);


CREATE TABLE history_space_vehicle (
       num_history_space_vehicle INTEGER NOT NULL,
       num_heavenly_body    INTEGER,
       num_space_vehicle    INTEGER,
       type_event           INTEGER,
       date_history_space_vehicle DATE,
       time_history_space_vehicle TIME,
       comment              TEXT
);


ALTER TABLE history_space_vehicle
       ADD PRIMARY KEY (num_history_space_vehicle);


CREATE TABLE people (
       num_astronaut        INTEGER NOT NULL,
       num_country          INTEGER,
       birthday             DATE,
       name                 VARCHAR(30),
       family               VARCHAR(30),
       patronymic           VARCHAR(40)
);


ALTER TABLE people
       ADD PRIMARY KEY (num_astronaut);


CREATE TABLE space_flight (
       num_space_flight     INTEGER NOT NULL,
       num_space_vehicle    INTEGER NOT NULL,
       num_astronaut        INTEGER NOT NULL,
       num_status           INTEGER NOT NULL,
       flight_endurance     FLOAT
);


ALTER TABLE space_flight
       ADD PRIMARY KEY (num_space_flight);


CREATE TABLE space_vehicle (
       num_space_vehicle    INTEGER NOT NULL,
       num_carrier_rocket   INTEGER NOT NULL,
       num_country          INTEGER NOT NULL,
       num_cosmodrome       INTEGER NOT NULL,
       num_type_space_flight INTEGER NOT NULL,
       name_space_vehicle   VARCHAR(20),
       sequence_number      INTEGER,
       international_designation VARCHAR(20),
       weight_space_vehicle FLOAT
);


ALTER TABLE space_vehicle
       ADD PRIMARY KEY (num_space_vehicle);


CREATE TABLE species (
       num_species          INTEGER NOT NULL,
       name_species         VARCHAR(30)
);


ALTER TABLE species
       ADD PRIMARY KEY (num_species);


CREATE TABLE status (
       num_status           INTEGER NOT NULL,
       name_status          VARCHAR(30)
);


ALTER TABLE status
       ADD PRIMARY KEY (num_status);


CREATE TABLE type_event (
       type_event           INTEGER NOT NULL,
       name_type_event      VARCHAR(60)
);


ALTER TABLE type_event
       ADD PRIMARY KEY (type_event);


CREATE TABLE type_space_flight (
       num_type_space_flight INTEGER NOT NULL,
       name_type_space_flight VARCHAR(40)
);


ALTER TABLE type_space_flight
       ADD PRIMARY KEY (num_type_space_flight);


ALTER TABLE animal
       ADD FOREIGN KEY (num_astronaut)
                             REFERENCES astronaut;


ALTER TABLE assignee
       ADD FOREIGN KEY (num_country)
                             REFERENCES country;


ALTER TABLE astronaut
       ADD FOREIGN KEY (num_species)
                             REFERENCES species;


ALTER TABLE carrier_rocket
       ADD FOREIGN KEY (num_country)
                             REFERENCES country;


ALTER TABLE cosmodrome
       ADD FOREIGN KEY (num_country)
                             REFERENCES country;


ALTER TABLE education
       ADD FOREIGN KEY (num_astronaut)
                             REFERENCES people;


ALTER TABLE education
       ADD FOREIGN KEY (num_educational_institution)
                             REFERENCES educational_institution;


ALTER TABLE heavenly_body
       ADD FOREIGN KEY (satellite)
                             REFERENCES heavenly_body;


ALTER TABLE history_space_vehicle
       ADD FOREIGN KEY (num_heavenly_body)
                             REFERENCES heavenly_body;


ALTER TABLE history_space_vehicle
       ADD FOREIGN KEY (num_space_vehicle)
                             REFERENCES space_vehicle;


ALTER TABLE history_space_vehicle
       ADD FOREIGN KEY (type_event)
                             REFERENCES type_event;


ALTER TABLE people
       ADD FOREIGN KEY (num_astronaut)
                             REFERENCES astronaut;


ALTER TABLE people
       ADD FOREIGN KEY (num_country)
                             REFERENCES country;


ALTER TABLE space_flight
       ADD FOREIGN KEY (num_status)
                             REFERENCES status;


ALTER TABLE space_flight
       ADD FOREIGN KEY (num_astronaut)
                             REFERENCES astronaut;


ALTER TABLE space_flight
       ADD FOREIGN KEY (num_space_vehicle)
                             REFERENCES space_vehicle;


ALTER TABLE space_vehicle
       ADD FOREIGN KEY (num_carrier_rocket)
                             REFERENCES carrier_rocket;


ALTER TABLE space_vehicle
       ADD FOREIGN KEY (num_country)
                             REFERENCES country;


ALTER TABLE space_vehicle
       ADD FOREIGN KEY (num_cosmodrome)
                             REFERENCES cosmodrome;


ALTER TABLE space_vehicle
       ADD FOREIGN KEY (num_type_space_flight)
                             REFERENCES type_space_flight;

INSERT INTO COUNTRY (NUM_COUNTRY, SHORT_NAME_COUNTRY) VALUES (1, 'Россия');
INSERT INTO COUNTRY (NUM_COUNTRY, SHORT_NAME_COUNTRY) VALUES (3, 'США');
INSERT INTO COUNTRY (NUM_COUNTRY, SHORT_NAME_COUNTRY) VALUES (4, 'Англия');
INSERT INTO COUNTRY (NUM_COUNTRY, SHORT_NAME_COUNTRY) VALUES (5, 'Франция');
INSERT INTO COUNTRY (NUM_COUNTRY, SHORT_NAME_COUNTRY) VALUES (6, 'Китай');
INSERT INTO COUNTRY (NUM_COUNTRY, SHORT_NAME_COUNTRY) VALUES (7, 'Малазия');
INSERT INTO COUNTRY (NUM_COUNTRY, SHORT_NAME_COUNTRY) VALUES (8, 'Италия');
INSERT INTO COUNTRY (NUM_COUNTRY, SHORT_NAME_COUNTRY) VALUES (9, 'Саудовская Аравия');
INSERT INTO COUNTRY (NUM_COUNTRY, SHORT_NAME_COUNTRY) VALUES (10, 'Иран');
INSERT INTO COUNTRY (NUM_COUNTRY, SHORT_NAME_COUNTRY) VALUES (11, 'Люксембург');
INSERT INTO COUNTRY (NUM_COUNTRY, SHORT_NAME_COUNTRY) VALUES (12, 'Япония');
INSERT INTO COUNTRY (NUM_COUNTRY, SHORT_NAME_COUNTRY) VALUES (14, 'Индия');
INSERT INTO COUNTRY (NUM_COUNTRY, SHORT_NAME_COUNTRY) VALUES (15, 'Израиль');
INSERT INTO COUNTRY (NUM_COUNTRY, SHORT_NAME_COUNTRY) VALUES (16, 'КНДР');
INSERT INTO COUNTRY (NUM_COUNTRY, SHORT_NAME_COUNTRY) VALUES (17, 'Бразилия');
INSERT INTO COUNTRY (NUM_COUNTRY, SHORT_NAME_COUNTRY) VALUES (18, 'Австралия');
INSERT INTO COUNTRY (NUM_COUNTRY, SHORT_NAME_COUNTRY) VALUES (19, 'ЕС');

INSERT INTO SPECIES (NUM_SPECIES, NAME_SPECIES) VALUES (1, 'человек');
INSERT INTO SPECIES (NUM_SPECIES, NAME_SPECIES) VALUES (2, 'собака');
INSERT INTO SPECIES (NUM_SPECIES, NAME_SPECIES) VALUES (3, 'кошка');
INSERT INTO SPECIES (NUM_SPECIES, NAME_SPECIES) VALUES (4, 'макака');
INSERT INTO SPECIES (NUM_SPECIES, NAME_SPECIES) VALUES (5, 'мышь');
INSERT INTO SPECIES (NUM_SPECIES, NAME_SPECIES) VALUES (6, 'крыса');
INSERT INTO SPECIES (NUM_SPECIES, NAME_SPECIES) VALUES (7, 'тритон');
INSERT INTO SPECIES (NUM_SPECIES, NAME_SPECIES) VALUES (8, 'гвинейская свинья');
INSERT INTO SPECIES (NUM_SPECIES, NAME_SPECIES) VALUES (9, 'лягушка');
INSERT INTO SPECIES (NUM_SPECIES, NAME_SPECIES) VALUES (10, 'черепаха');
INSERT INTO SPECIES (NUM_SPECIES, NAME_SPECIES) VALUES (11, 'рыба');
INSERT INTO SPECIES (NUM_SPECIES, NAME_SPECIES) VALUES (12, 'обезьяна');
INSERT INTO SPECIES (NUM_SPECIES, NAME_SPECIES) VALUES (13, 'шимпанзе');

INSERT INTO ASTRONAUT (NUM_ASTRONAUT, NUM_SPECIES, SEX) VALUES (1, 2, 'М');
INSERT INTO ASTRONAUT (NUM_ASTRONAUT, NUM_SPECIES, SEX) VALUES (2, 2, NULL);
INSERT INTO ASTRONAUT (NUM_ASTRONAUT, NUM_SPECIES, SEX) VALUES (3, 2, NULL);
INSERT INTO ASTRONAUT (NUM_ASTRONAUT, NUM_SPECIES, SEX) VALUES (4, 2, NULL);
INSERT INTO ASTRONAUT (NUM_ASTRONAUT, NUM_SPECIES, SEX) VALUES (5, 2, NULL);
INSERT INTO ASTRONAUT (NUM_ASTRONAUT, NUM_SPECIES, SEX) VALUES (6, 2, NULL);
INSERT INTO ASTRONAUT (NUM_ASTRONAUT, NUM_SPECIES, SEX) VALUES (7, 2, NULL);
INSERT INTO ASTRONAUT (NUM_ASTRONAUT, NUM_SPECIES, SEX) VALUES (8, 2, NULL);
INSERT INTO ASTRONAUT (NUM_ASTRONAUT, NUM_SPECIES, SEX) VALUES (9, 2, NULL);
INSERT INTO ASTRONAUT (NUM_ASTRONAUT, NUM_SPECIES, SEX) VALUES (10, 2, NULL);
INSERT INTO ASTRONAUT (NUM_ASTRONAUT, NUM_SPECIES, SEX) VALUES (11, 2, NULL);
INSERT INTO ASTRONAUT (NUM_ASTRONAUT, NUM_SPECIES, SEX) VALUES (12, 13, 'М');
INSERT INTO ASTRONAUT (NUM_ASTRONAUT, NUM_SPECIES, SEX) VALUES (13, 2, NULL);
INSERT INTO ASTRONAUT (NUM_ASTRONAUT, NUM_SPECIES, SEX) VALUES (14, 2, NULL);
INSERT INTO ASTRONAUT (NUM_ASTRONAUT, NUM_SPECIES, SEX) VALUES (15, 1, NULL);
INSERT INTO ASTRONAUT (NUM_ASTRONAUT, NUM_SPECIES, SEX) VALUES (16, 1, NULL);
INSERT INTO ASTRONAUT (NUM_ASTRONAUT, NUM_SPECIES, SEX) VALUES (17, 1, NULL);
INSERT INTO ASTRONAUT (NUM_ASTRONAUT, NUM_SPECIES, SEX) VALUES (18, 1, NULL);
INSERT INTO ASTRONAUT (NUM_ASTRONAUT, NUM_SPECIES, SEX) VALUES (19, 1, NULL);
INSERT INTO ASTRONAUT (NUM_ASTRONAUT, NUM_SPECIES, SEX) VALUES (20, 1, NULL);
INSERT INTO ASTRONAUT (NUM_ASTRONAUT, NUM_SPECIES, SEX) VALUES (21, 1, NULL);

INSERT INTO CARRIER_ROCKET (NUM_CARRIER_ROCKET, NUM_COUNTRY, NAME_CARRIER_ROCKET, STAGES, FULLY_LOADED) VALUES (1, 1, 'Союз-У', NULL, NULL);
INSERT INTO CARRIER_ROCKET (NUM_CARRIER_ROCKET, NUM_COUNTRY, NAME_CARRIER_ROCKET, STAGES, FULLY_LOADED) VALUES (2, 1, 'Днепр-1', NULL, NULL);
INSERT INTO CARRIER_ROCKET (NUM_CARRIER_ROCKET, NUM_COUNTRY, NAME_CARRIER_ROCKET, STAGES, FULLY_LOADED) VALUES (3, 1, 'Зенит-2', NULL, NULL);
INSERT INTO CARRIER_ROCKET (NUM_CARRIER_ROCKET, NUM_COUNTRY, NAME_CARRIER_ROCKET, STAGES, FULLY_LOADED) VALUES (4, 3, 'Titan-23G (G-13)', NULL, NULL);
INSERT INTO CARRIER_ROCKET (NUM_CARRIER_ROCKET, NUM_COUNTRY, NAME_CARRIER_ROCKET, STAGES, FULLY_LOADED) VALUES (5, 5, 'Ariane-5G (V130/L506)', NULL, NULL);
INSERT INTO CARRIER_ROCKET (NUM_CARRIER_ROCKET, NUM_COUNTRY, NAME_CARRIER_ROCKET, STAGES, FULLY_LOADED) VALUES (6, 3, 'Space Shuttle', NULL, NULL);
INSERT INTO CARRIER_ROCKET (NUM_CARRIER_ROCKET, NUM_COUNTRY, NAME_CARRIER_ROCKET, STAGES, FULLY_LOADED) VALUES (7, 5, 'Ariane-4.44P (V132)', NULL, NULL);
INSERT INTO CARRIER_ROCKET (NUM_CARRIER_ROCKET, NUM_COUNTRY, NAME_CARRIER_ROCKET, STAGES, FULLY_LOADED) VALUES (8, 1, 'Протон-К (8К82К)', NULL, NULL);
INSERT INTO CARRIER_ROCKET (NUM_CARRIER_ROCKET, NUM_COUNTRY, NAME_CARRIER_ROCKET, STAGES, FULLY_LOADED) VALUES (9, 6, 'Chang Zheng-4B', NULL, NULL);
INSERT INTO CARRIER_ROCKET (NUM_CARRIER_ROCKET, NUM_COUNTRY, NAME_CARRIER_ROCKET, STAGES, FULLY_LOADED) VALUES (10, 1, 'Р-7 8К71ПС', 3, NULL);
INSERT INTO CARRIER_ROCKET (NUM_CARRIER_ROCKET, NUM_COUNTRY, NAME_CARRIER_ROCKET, STAGES, FULLY_LOADED) VALUES (11, 3, 'Vanguard', NULL, NULL);
INSERT INTO CARRIER_ROCKET (NUM_CARRIER_ROCKET, NUM_COUNTRY, NAME_CARRIER_ROCKET, STAGES, FULLY_LOADED) VALUES (12, 3, 'Jupiter-C', NULL, NULL);
INSERT INTO CARRIER_ROCKET (NUM_CARRIER_ROCKET, NUM_COUNTRY, NAME_CARRIER_ROCKET, STAGES, FULLY_LOADED) VALUES (13, 5, 'Diamant-A', NULL, NULL);
INSERT INTO CARRIER_ROCKET (NUM_CARRIER_ROCKET, NUM_COUNTRY, NAME_CARRIER_ROCKET, STAGES, FULLY_LOADED) VALUES (16, 3, 'Scout B', NULL, NULL);
INSERT INTO CARRIER_ROCKET (NUM_CARRIER_ROCKET, NUM_COUNTRY, NAME_CARRIER_ROCKET, STAGES, FULLY_LOADED) VALUES (14, 12, 'Lambda-4S', NULL, NULL);
INSERT INTO CARRIER_ROCKET (NUM_CARRIER_ROCKET, NUM_COUNTRY, NAME_CARRIER_ROCKET, STAGES, FULLY_LOADED) VALUES (15, 6, 'Chang Zheng-1', NULL, NULL);
INSERT INTO CARRIER_ROCKET (NUM_CARRIER_ROCKET, NUM_COUNTRY, NAME_CARRIER_ROCKET, STAGES, FULLY_LOADED) VALUES (17, 4, 'Black Arrow', NULL, NULL);
INSERT INTO CARRIER_ROCKET (NUM_CARRIER_ROCKET, NUM_COUNTRY, NAME_CARRIER_ROCKET, STAGES, FULLY_LOADED) VALUES (18, 14, 'SLV-3', NULL, NULL);
INSERT INTO CARRIER_ROCKET (NUM_CARRIER_ROCKET, NUM_COUNTRY, NAME_CARRIER_ROCKET, STAGES, FULLY_LOADED) VALUES (19, 15, 'Shaviyt / AUS-51', NULL, NULL);
INSERT INTO CARRIER_ROCKET (NUM_CARRIER_ROCKET, NUM_COUNTRY, NAME_CARRIER_ROCKET, STAGES, FULLY_LOADED) VALUES (20, 16, 'Taepo Dong-1', NULL, NULL);
INSERT INTO CARRIER_ROCKET (NUM_CARRIER_ROCKET, NUM_COUNTRY, NAME_CARRIER_ROCKET, STAGES, FULLY_LOADED) VALUES (21, 17, 'VLS', NULL, NULL);
INSERT INTO CARRIER_ROCKET (NUM_CARRIER_ROCKET, NUM_COUNTRY, NAME_CARRIER_ROCKET, STAGES, FULLY_LOADED) VALUES (22, 19, 'Europa-1', NULL, NULL);
INSERT INTO CARRIER_ROCKET (NUM_CARRIER_ROCKET, NUM_COUNTRY, NAME_CARRIER_ROCKET, STAGES, FULLY_LOADED) VALUES (23, 19, 'Redstone', NULL, NULL);
INSERT INTO CARRIER_ROCKET (NUM_CARRIER_ROCKET, NUM_COUNTRY, NAME_CARRIER_ROCKET, STAGES, FULLY_LOADED) VALUES (24, 1, 'Союз 11А511', NULL, NULL);
INSERT INTO CARRIER_ROCKET (NUM_CARRIER_ROCKET, NUM_COUNTRY, NAME_CARRIER_ROCKET, STAGES, FULLY_LOADED) VALUES (25, 1, 'Восток-Л 8К72', NULL, NULL);
INSERT INTO CARRIER_ROCKET (NUM_CARRIER_ROCKET, NUM_COUNTRY, NAME_CARRIER_ROCKET, STAGES, FULLY_LOADED) VALUES (26, 1, 'Молния 8К78Л', NULL, NULL);
INSERT INTO CARRIER_ROCKET (NUM_CARRIER_ROCKET, NUM_COUNTRY, NAME_CARRIER_ROCKET, STAGES, FULLY_LOADED) VALUES (27, 1, 'Протон-К/Д', NULL, NULL);
INSERT INTO CARRIER_ROCKET (NUM_CARRIER_ROCKET, NUM_COUNTRY, NAME_CARRIER_ROCKET, STAGES, FULLY_LOADED) VALUES (28, 1, 'Восток 8К72', NULL, NULL);
INSERT INTO CARRIER_ROCKET (NUM_CARRIER_ROCKET, NUM_COUNTRY, NAME_CARRIER_ROCKET, STAGES, FULLY_LOADED) VALUES (29, 3, 'Atlas-D', NULL, NULL);
INSERT INTO CARRIER_ROCKET (NUM_CARRIER_ROCKET, NUM_COUNTRY, NAME_CARRIER_ROCKET, STAGES, FULLY_LOADED) VALUES (30, 1, 'Восход 11А57', NULL, NULL);

INSERT INTO COSMODROME (NUM_COSMODROME, NUM_COUNTRY, NAME_COSMODROM, LONGITUDE, LATITUDE, SATELLITE_INCLINATION_MIN, SATELLITE_INCLINATION_MAX, YEAR_OPEN) VALUES (1, 1, 'Байконур', 63.2999992370605, 45.5999984741211, 50, 99, 1957);
INSERT INTO COSMODROME (NUM_COSMODROME, NUM_COUNTRY, NAME_COSMODROM, LONGITUDE, LATITUDE, SATELLITE_INCLINATION_MIN, SATELLITE_INCLINATION_MAX, YEAR_OPEN) VALUES (2, 1, 'Плесецк', 40.2999992370605, 62.7000007629395, 62.4000015258789, 98, 1966);
INSERT INTO COSMODROME (NUM_COSMODROME, NUM_COUNTRY, NAME_COSMODROM, LONGITUDE, LATITUDE, SATELLITE_INCLINATION_MIN, SATELLITE_INCLINATION_MAX, YEAR_OPEN) VALUES (3, 3, 'Vandenberg Air Force Base', 34.5999984741211, 120.5, 51, 145, 1959);
INSERT INTO COSMODROME (NUM_COSMODROME, NUM_COUNTRY, NAME_COSMODROM, LONGITUDE, LATITUDE, SATELLITE_INCLINATION_MIN, SATELLITE_INCLINATION_MAX, YEAR_OPEN) VALUES (6, 6, 'Центра космических запусков Тайюань', 37.7999992370605, 111.5, 99, 99, NULL);
INSERT INTO COSMODROME (NUM_COSMODROME, NUM_COUNTRY, NAME_COSMODROM, LONGITUDE, LATITUDE, SATELLITE_INCLINATION_MIN, SATELLITE_INCLINATION_MAX, YEAR_OPEN) VALUES (4, 5, 'Куру во французкой Гайане', -52.7299995422363, 5.19999980926514, 5, 100, 1979);
INSERT INTO COSMODROME (NUM_COSMODROME, NUM_COUNTRY, NAME_COSMODROM, LONGITUDE, LATITUDE, SATELLITE_INCLINATION_MIN, SATELLITE_INCLINATION_MAX, YEAR_OPEN) VALUES (5, 3, 'Kennedy Space Center', -80.5, 28.3999996185303, 28, 57, 1958);
INSERT INTO COSMODROME (NUM_COSMODROME, NUM_COUNTRY, NAME_COSMODROM, LONGITUDE, LATITUDE, SATELLITE_INCLINATION_MIN, SATELLITE_INCLINATION_MAX, YEAR_OPEN) VALUES (7, 5, 'Hammaguria', -2.25, 31.6700000762939, 34, 40, 1967);
INSERT INTO COSMODROME (NUM_COSMODROME, NUM_COUNTRY, NAME_COSMODROM, LONGITUDE, LATITUDE, SATELLITE_INCLINATION_MIN, SATELLITE_INCLINATION_MAX, YEAR_OPEN) VALUES (8, 12, 'Kagoshima', 131.5, 31.1499996185303, 29, 75, NULL);
INSERT INTO COSMODROME (NUM_COSMODROME, NUM_COUNTRY, NAME_COSMODROM, LONGITUDE, LATITUDE, SATELLITE_INCLINATION_MIN, SATELLITE_INCLINATION_MAX, YEAR_OPEN) VALUES (9, 6, 'Jiuquan', 100.300003051758, 41.0999984741211, 40, 56, NULL);
INSERT INTO COSMODROME (NUM_COSMODROME, NUM_COUNTRY, NAME_COSMODROM, LONGITUDE, LATITUDE, SATELLITE_INCLINATION_MIN, SATELLITE_INCLINATION_MAX, YEAR_OPEN) VALUES (10, 8, 'San Marco', 40.2999992370605, 2.98000001907349, 2, 3, 1967);
INSERT INTO COSMODROME (NUM_COSMODROME, NUM_COUNTRY, NAME_COSMODROM, LONGITUDE, LATITUDE, SATELLITE_INCLINATION_MIN, SATELLITE_INCLINATION_MAX, YEAR_OPEN) VALUES (11, 18, 'Woomera', 136.800003051758, -31.1599998474121, 82, 84, 1967);
INSERT INTO COSMODROME (NUM_COSMODROME, NUM_COUNTRY, NAME_COSMODROM, LONGITUDE, LATITUDE, SATELLITE_INCLINATION_MIN, SATELLITE_INCLINATION_MAX, YEAR_OPEN) VALUES (12, 14, 'Sriharikota', 80.25, 13.789999961853, 44, 47, NULL);
INSERT INTO COSMODROME (NUM_COSMODROME, NUM_COUNTRY, NAME_COSMODROM, LONGITUDE, LATITUDE, SATELLITE_INCLINATION_MIN, SATELLITE_INCLINATION_MAX, YEAR_OPEN) VALUES (13, 15, 'Palmachim', 34.7000007629395, 3.90000009536743, 142, 145, 1988);
INSERT INTO COSMODROME (NUM_COSMODROME, NUM_COUNTRY, NAME_COSMODROM, LONGITUDE, LATITUDE, SATELLITE_INCLINATION_MIN, SATELLITE_INCLINATION_MAX, YEAR_OPEN) VALUES (14, 16, 'Musudan', 129.669998168945, 40.8600006103516, NULL, NULL, NULL);
INSERT INTO COSMODROME (NUM_COSMODROME, NUM_COUNTRY, NAME_COSMODROM, LONGITUDE, LATITUDE, SATELLITE_INCLINATION_MIN, SATELLITE_INCLINATION_MAX, YEAR_OPEN) VALUES (15, 17, 'Alcantara', -44.2299995422363, -2.17000007629395, 2, 100, NULL);

INSERT INTO HEAVENLY_BODY (NUM_HEAVENLY_BODY, NAME_HEAVENLY_BODY, SATELLITE) VALUES (1, 'солнце', NULL);
INSERT INTO HEAVENLY_BODY (NUM_HEAVENLY_BODY, NAME_HEAVENLY_BODY, SATELLITE) VALUES (2, 'земля', 1);
INSERT INTO HEAVENLY_BODY (NUM_HEAVENLY_BODY, NAME_HEAVENLY_BODY, SATELLITE) VALUES (3, 'луна', 2);
INSERT INTO HEAVENLY_BODY (NUM_HEAVENLY_BODY, NAME_HEAVENLY_BODY, SATELLITE) VALUES (4, 'юпитер', 1);
INSERT INTO HEAVENLY_BODY (NUM_HEAVENLY_BODY, NAME_HEAVENLY_BODY, SATELLITE) VALUES (5, 'Ио', 4);
INSERT INTO HEAVENLY_BODY (NUM_HEAVENLY_BODY, NAME_HEAVENLY_BODY, SATELLITE) VALUES (6, 'Европа', 4);
INSERT INTO HEAVENLY_BODY (NUM_HEAVENLY_BODY, NAME_HEAVENLY_BODY, SATELLITE) VALUES (7, 'Ганимед', 4);
INSERT INTO HEAVENLY_BODY (NUM_HEAVENLY_BODY, NAME_HEAVENLY_BODY, SATELLITE) VALUES (8, 'Каллисто', 4);
INSERT INTO HEAVENLY_BODY (NUM_HEAVENLY_BODY, NAME_HEAVENLY_BODY, SATELLITE) VALUES (9, 'Сириус A1', NULL);
INSERT INTO HEAVENLY_BODY (NUM_HEAVENLY_BODY, NAME_HEAVENLY_BODY, SATELLITE) VALUES (10, 'Денеб', NULL);
INSERT INTO HEAVENLY_BODY (NUM_HEAVENLY_BODY, NAME_HEAVENLY_BODY, SATELLITE) VALUES (11, 'Сириус DA', 9);
INSERT INTO HEAVENLY_BODY (NUM_HEAVENLY_BODY, NAME_HEAVENLY_BODY, SATELLITE) VALUES (12, 'J-#XXX', 3);

INSERT INTO PEOPLE (NUM_ASTRONAUT, NUM_COUNTRY, BIRTHDAY, NAME, FAMILY, PATRONYMIC) VALUES (15, 3, '10/31/2049', 'Терренсе', 'УИЛКАТ', 'Уэйд');
INSERT INTO PEOPLE (NUM_ASTRONAUT, NUM_COUNTRY, BIRTHDAY, NAME, FAMILY, PATRONYMIC) VALUES (16, 3, '08/15/1959', 'Скотт', 'ОЛЬТМАН', 'Даглас');
INSERT INTO PEOPLE (NUM_ASTRONAUT, NUM_COUNTRY, BIRTHDAY, NAME, FAMILY, PATRONYMIC) VALUES (17, 3, '07/27/1961', 'Дэниэль', 'БЕРБЭНК', 'Кристофер');
INSERT INTO PEOPLE (NUM_ASTRONAUT, NUM_COUNTRY, BIRTHDAY, NAME, FAMILY, PATRONYMIC) VALUES (18, 3, '07/01/1963', 'Эдвард', 'ЛУ', 'Цанг');
INSERT INTO PEOPLE (NUM_ASTRONAUT, NUM_COUNTRY, BIRTHDAY, NAME, FAMILY, PATRONYMIC) VALUES (19, 3, '02/11/1961', 'Ричард', 'МАСТРАККИО', 'Алан');
INSERT INTO PEOPLE (NUM_ASTRONAUT, NUM_COUNTRY, BIRTHDAY, NAME, FAMILY, PATRONYMIC) VALUES (20, 1, '12/22/1961', 'Юрий', 'МАЛЕНЧЕНКО', 'Иванович');
INSERT INTO PEOPLE (NUM_ASTRONAUT, NUM_COUNTRY, BIRTHDAY, NAME, FAMILY, PATRONYMIC) VALUES (21, 1, '10/01/1950', 'Борис', 'МОРУКОВ', 'Владимирович');

INSERT INTO STATUS (NUM_STATUS, NAME_STATUS) VALUES (1, 'подопытный');
INSERT INTO STATUS (NUM_STATUS, NAME_STATUS) VALUES (2, 'контрольное животное');
INSERT INTO STATUS (NUM_STATUS, NAME_STATUS) VALUES (3, 'командир');
INSERT INTO STATUS (NUM_STATUS, NAME_STATUS) VALUES (4, 'пилот');
INSERT INTO STATUS (NUM_STATUS, NAME_STATUS) VALUES (5, 'специалист полета');

INSERT INTO TYPE_EVENT (TYPE_EVENT, NAME_TYPE_EVENT) VALUES (0, 'старт');
INSERT INTO TYPE_EVENT (TYPE_EVENT, NAME_TYPE_EVENT) VALUES (1, 'авария ракеты носителя');
INSERT INTO TYPE_EVENT (TYPE_EVENT, NAME_TYPE_EVENT) VALUES (2, 'прекратил свое существование, войдя в плотные слои атмосферы');
INSERT INTO TYPE_EVENT (TYPE_EVENT, NAME_TYPE_EVENT) VALUES (3, 'не подтверждения вывода на орбиту');
INSERT INTO TYPE_EVENT (TYPE_EVENT, NAME_TYPE_EVENT) VALUES (4, 'вышел на расчетную орбиту');
INSERT INTO TYPE_EVENT (TYPE_EVENT, NAME_TYPE_EVENT) VALUES (5, 'суборбитальный полет');
INSERT INTO TYPE_EVENT (TYPE_EVENT, NAME_TYPE_EVENT) VALUES (6, 'запуск по суборбитальной траектории');
INSERT INTO TYPE_EVENT (TYPE_EVENT, NAME_TYPE_EVENT) VALUES (7, 'мягкая посадка');
INSERT INTO TYPE_EVENT (TYPE_EVENT, NAME_TYPE_EVENT) VALUES (8, 'выход на не расчетную орбуту');
INSERT INTO TYPE_EVENT (TYPE_EVENT, NAME_TYPE_EVENT) VALUES (9, 'достижение поверхности/упала');
INSERT INTO TYPE_EVENT (TYPE_EVENT, NAME_TYPE_EVENT) VALUES (10, 'затерялась в просторах космоса');
INSERT INTO TYPE_EVENT (TYPE_EVENT, NAME_TYPE_EVENT) VALUES (11, 'разбилась');
INSERT INTO TYPE_EVENT (TYPE_EVENT, NAME_TYPE_EVENT) VALUES (13, 'старт');
INSERT INTO TYPE_EVENT (TYPE_EVENT, NAME_TYPE_EVENT) VALUES (14, 'сгорел при попытке посадки');
INSERT INTO TYPE_EVENT (TYPE_EVENT, NAME_TYPE_EVENT) VALUES (15, 'приводнение');

INSERT INTO TYPE_SPACE_FLIGHT (NUM_TYPE_SPACE_FLIGHT, NAME_TYPE_SPACE_FLIGHT) VALUES (1, '"Янтарь 1КФТ" (изделие 11Ф660)/разведка');
INSERT INTO TYPE_SPACE_FLIGHT (NUM_TYPE_SPACE_FLIGHT, NAME_TYPE_SPACE_FLIGHT) VALUES (2, 'спутник без типа');
INSERT INTO TYPE_SPACE_FLIGHT (NUM_TYPE_SPACE_FLIGHT, NAME_TYPE_SPACE_FLIGHT) VALUES (3, 'Енисей /разведка');
INSERT INTO TYPE_SPACE_FLIGHT (NUM_TYPE_SPACE_FLIGHT, NAME_TYPE_SPACE_FLIGHT) VALUES (7, 'дистанционное зондирования поверхности');
INSERT INTO TYPE_SPACE_FLIGHT (NUM_TYPE_SPACE_FLIGHT, NAME_TYPE_SPACE_FLIGHT) VALUES (4, 'метеорологический спутник');
INSERT INTO TYPE_SPACE_FLIGHT (NUM_TYPE_SPACE_FLIGHT, NAME_TYPE_SPACE_FLIGHT) VALUES (5, 'спутники связи');
INSERT INTO TYPE_SPACE_FLIGHT (NUM_TYPE_SPACE_FLIGHT, NAME_TYPE_SPACE_FLIGHT) VALUES (6, 'Atlantis');
INSERT INTO TYPE_SPACE_FLIGHT (NUM_TYPE_SPACE_FLIGHT, NAME_TYPE_SPACE_FLIGHT) VALUES (8, 'научный спутник для исследований магнито');
INSERT INTO TYPE_SPACE_FLIGHT (NUM_TYPE_SPACE_FLIGHT, NAME_TYPE_SPACE_FLIGHT) VALUES (9, 'L-4S-5');
INSERT INTO TYPE_SPACE_FLIGHT (NUM_TYPE_SPACE_FLIGHT, NAME_TYPE_SPACE_FLIGHT) VALUES (10, 'КА для исследования атмосферы и ионосфер');
INSERT INTO TYPE_SPACE_FLIGHT (NUM_TYPE_SPACE_FLIGHT, NAME_TYPE_SPACE_FLIGHT) VALUES (12, 'без спутника');
INSERT INTO TYPE_SPACE_FLIGHT (NUM_TYPE_SPACE_FLIGHT, NAME_TYPE_SPACE_FLIGHT) VALUES (13, 'Союз 7К-ОК разведывательный спутник');
INSERT INTO TYPE_SPACE_FLIGHT (NUM_TYPE_SPACE_FLIGHT, NAME_TYPE_SPACE_FLIGHT) VALUES (14, 'автоматическая межпланетная станция');
INSERT INTO TYPE_SPACE_FLIGHT (NUM_TYPE_SPACE_FLIGHT, NAME_TYPE_SPACE_FLIGHT) VALUES (15, 'АМС типа "Е-6"');
INSERT INTO TYPE_SPACE_FLIGHT (NUM_TYPE_SPACE_FLIGHT, NAME_TYPE_SPACE_FLIGHT) VALUES (17, 'Восток-1');
INSERT INTO TYPE_SPACE_FLIGHT (NUM_TYPE_SPACE_FLIGHT, NAME_TYPE_SPACE_FLIGHT) VALUES (18, 'Восток-3');
INSERT INTO TYPE_SPACE_FLIGHT (NUM_TYPE_SPACE_FLIGHT, NAME_TYPE_SPACE_FLIGHT) VALUES (19, 'Mercury');
INSERT INTO TYPE_SPACE_FLIGHT (NUM_TYPE_SPACE_FLIGHT, NAME_TYPE_SPACE_FLIGHT) VALUES (20, 'Восход-3КВ');

INSERT INTO SPACE_VEHICLE (NUM_SPACE_VEHICLE, NUM_CARRIER_ROCKET, NUM_COUNTRY, NUM_COSMODROME, NUM_TYPE_SPACE_FLIGHT, NAME_SPACE_VEHICLE, SEQUENCE_NUMBER, INTERNATIONAL_DESIGNATION, WEIGHT_SPACE_VEHICLE) VALUES (5, 2, 8, 1, 2, 'MegSat-1', 26546, '2000 057B', 54);
INSERT INTO SPACE_VEHICLE (NUM_SPACE_VEHICLE, NUM_CARRIER_ROCKET, NUM_COUNTRY, NUM_COSMODROME, NUM_TYPE_SPACE_FLIGHT, NAME_SPACE_VEHICLE, SEQUENCE_NUMBER, INTERNATIONAL_DESIGNATION, WEIGHT_SPACE_VEHICLE) VALUES (3, 1, 1, 1, 1, 'Космос-2373', 26552, '2000 058А', NULL);
INSERT INTO SPACE_VEHICLE (NUM_SPACE_VEHICLE, NUM_CARRIER_ROCKET, NUM_COUNTRY, NUM_COSMODROME, NUM_TYPE_SPACE_FLIGHT, NAME_SPACE_VEHICLE, SEQUENCE_NUMBER, INTERNATIONAL_DESIGNATION, WEIGHT_SPACE_VEHICLE) VALUES (4, 2, 7, 1, 2, 'Tiungsat ["MY-Sat1"]', 26545, '2000 057A', 54);
INSERT INTO SPACE_VEHICLE (NUM_SPACE_VEHICLE, NUM_CARRIER_ROCKET, NUM_COUNTRY, NUM_COSMODROME, NUM_TYPE_SPACE_FLIGHT, NAME_SPACE_VEHICLE, SEQUENCE_NUMBER, INTERNATIONAL_DESIGNATION, WEIGHT_SPACE_VEHICLE) VALUES (6, 2, 8, 1, 2, 'UniSat', 26457, '2000 057C', 10);
INSERT INTO SPACE_VEHICLE (NUM_SPACE_VEHICLE, NUM_CARRIER_ROCKET, NUM_COUNTRY, NUM_COSMODROME, NUM_TYPE_SPACE_FLIGHT, NAME_SPACE_VEHICLE, SEQUENCE_NUMBER, INTERNATIONAL_DESIGNATION, WEIGHT_SPACE_VEHICLE) VALUES (18, 9, 6, 6, 7, 'Zi Yuan-2 ["ZY-2"]', 26481, '2000 050A', NULL);
INSERT INTO SPACE_VEHICLE (NUM_SPACE_VEHICLE, NUM_CARRIER_ROCKET, NUM_COUNTRY, NUM_COSMODROME, NUM_TYPE_SPACE_FLIGHT, NAME_SPACE_VEHICLE, SEQUENCE_NUMBER, INTERNATIONAL_DESIGNATION, WEIGHT_SPACE_VEHICLE) VALUES (7, 2, 9, 1, 2, 'SaudiSat-1A', 26548, '2000 057D', 10);
INSERT INTO SPACE_VEHICLE (NUM_SPACE_VEHICLE, NUM_CARRIER_ROCKET, NUM_COUNTRY, NUM_COSMODROME, NUM_TYPE_SPACE_FLIGHT, NAME_SPACE_VEHICLE, SEQUENCE_NUMBER, INTERNATIONAL_DESIGNATION, WEIGHT_SPACE_VEHICLE) VALUES (8, 2, 9, 1, 2, 'SaudiSat-1B', 26549, '2000 057E', 10);
INSERT INTO SPACE_VEHICLE (NUM_SPACE_VEHICLE, NUM_CARRIER_ROCKET, NUM_COUNTRY, NUM_COSMODROME, NUM_TYPE_SPACE_FLIGHT, NAME_SPACE_VEHICLE, SEQUENCE_NUMBER, INTERNATIONAL_DESIGNATION, WEIGHT_SPACE_VEHICLE) VALUES (19, 10, 1, 1, 2, 'Первый советский ИСЗ', 2, '1957 Альфа 2', 84);
INSERT INTO SPACE_VEHICLE (NUM_SPACE_VEHICLE, NUM_CARRIER_ROCKET, NUM_COUNTRY, NUM_COSMODROME, NUM_TYPE_SPACE_FLIGHT, NAME_SPACE_VEHICLE, SEQUENCE_NUMBER, INTERNATIONAL_DESIGNATION, WEIGHT_SPACE_VEHICLE) VALUES (22, 12, 3, 5, 2, 'Explorer-1', 4, '1958 Альфа1', 5);
INSERT INTO SPACE_VEHICLE (NUM_SPACE_VEHICLE, NUM_CARRIER_ROCKET, NUM_COUNTRY, NUM_COSMODROME, NUM_TYPE_SPACE_FLIGHT, NAME_SPACE_VEHICLE, SEQUENCE_NUMBER, INTERNATIONAL_DESIGNATION, WEIGHT_SPACE_VEHICLE) VALUES (20, 10, 1, 1, 2, 'Второй советский ИСЗ', 3, '1957 Бета 1', NULL);
INSERT INTO SPACE_VEHICLE (NUM_SPACE_VEHICLE, NUM_CARRIER_ROCKET, NUM_COUNTRY, NUM_COSMODROME, NUM_TYPE_SPACE_FLIGHT, NAME_SPACE_VEHICLE, SEQUENCE_NUMBER, INTERNATIONAL_DESIGNATION, WEIGHT_SPACE_VEHICLE) VALUES (21, 11, 3, 5, 2, 'Vanguard-1A', NULL, '1957 1206F', NULL);
INSERT INTO SPACE_VEHICLE (NUM_SPACE_VEHICLE, NUM_CARRIER_ROCKET, NUM_COUNTRY, NUM_COSMODROME, NUM_TYPE_SPACE_FLIGHT, NAME_SPACE_VEHICLE, SEQUENCE_NUMBER, INTERNATIONAL_DESIGNATION, WEIGHT_SPACE_VEHICLE) VALUES (23, 11, 3, 5, 2, 'Vanguard-1B', NULL, NULL, NULL);
INSERT INTO SPACE_VEHICLE (NUM_SPACE_VEHICLE, NUM_CARRIER_ROCKET, NUM_COUNTRY, NUM_COSMODROME, NUM_TYPE_SPACE_FLIGHT, NAME_SPACE_VEHICLE, SEQUENCE_NUMBER, INTERNATIONAL_DESIGNATION, WEIGHT_SPACE_VEHICLE) VALUES (10, 3, 1, 1, 3, 'Космос-2372', 26538, '2000 056А', NULL);
INSERT INTO SPACE_VEHICLE (NUM_SPACE_VEHICLE, NUM_CARRIER_ROCKET, NUM_COUNTRY, NUM_COSMODROME, NUM_TYPE_SPACE_FLIGHT, NAME_SPACE_VEHICLE, SEQUENCE_NUMBER, INTERNATIONAL_DESIGNATION, WEIGHT_SPACE_VEHICLE) VALUES (11, 4, 3, 3, 4, 'NOAA-16', 26536, '2000 055А', 2231.69995117188);
INSERT INTO SPACE_VEHICLE (NUM_SPACE_VEHICLE, NUM_CARRIER_ROCKET, NUM_COUNTRY, NUM_COSMODROME, NUM_TYPE_SPACE_FLIGHT, NAME_SPACE_VEHICLE, SEQUENCE_NUMBER, INTERNATIONAL_DESIGNATION, WEIGHT_SPACE_VEHICLE) VALUES (12, 5, 11, 4, 5, 'Astra-2B', 26494, '2000 054А', 3315);
INSERT INTO SPACE_VEHICLE (NUM_SPACE_VEHICLE, NUM_CARRIER_ROCKET, NUM_COUNTRY, NUM_COSMODROME, NUM_TYPE_SPACE_FLIGHT, NAME_SPACE_VEHICLE, SEQUENCE_NUMBER, INTERNATIONAL_DESIGNATION, WEIGHT_SPACE_VEHICLE) VALUES (13, 5, 3, 4, 5, 'GE-7', 26495, '2000 054B', 1935);
INSERT INTO SPACE_VEHICLE (NUM_SPACE_VEHICLE, NUM_CARRIER_ROCKET, NUM_COUNTRY, NUM_COSMODROME, NUM_TYPE_SPACE_FLIGHT, NAME_SPACE_VEHICLE, SEQUENCE_NUMBER, INTERNATIONAL_DESIGNATION, WEIGHT_SPACE_VEHICLE) VALUES (14, 6, 3, 5, 6, 'OV-104', 26489, '2000 053А', NULL);
INSERT INTO SPACE_VEHICLE (NUM_SPACE_VEHICLE, NUM_CARRIER_ROCKET, NUM_COUNTRY, NUM_COSMODROME, NUM_TYPE_SPACE_FLIGHT, NAME_SPACE_VEHICLE, SEQUENCE_NUMBER, INTERNATIONAL_DESIGNATION, WEIGHT_SPACE_VEHICLE) VALUES (15, 7, 5, 4, 5, 'Eutelsat W1', 26487, '2000 052A', 1430);
INSERT INTO SPACE_VEHICLE (NUM_SPACE_VEHICLE, NUM_CARRIER_ROCKET, NUM_COUNTRY, NUM_COSMODROME, NUM_TYPE_SPACE_FLIGHT, NAME_SPACE_VEHICLE, SEQUENCE_NUMBER, INTERNATIONAL_DESIGNATION, WEIGHT_SPACE_VEHICLE) VALUES (16, 8, 3, 1, 5, 'Sirius-2', 26483, '2000 051A', 3800);
INSERT INTO SPACE_VEHICLE (NUM_SPACE_VEHICLE, NUM_CARRIER_ROCKET, NUM_COUNTRY, NUM_COSMODROME, NUM_TYPE_SPACE_FLIGHT, NAME_SPACE_VEHICLE, SEQUENCE_NUMBER, INTERNATIONAL_DESIGNATION, WEIGHT_SPACE_VEHICLE) VALUES (24, 12, 3, 5, 8, 'Explorer-3', 6, '1958 Гамма1', NULL);
INSERT INTO SPACE_VEHICLE (NUM_SPACE_VEHICLE, NUM_CARRIER_ROCKET, NUM_COUNTRY, NUM_COSMODROME, NUM_TYPE_SPACE_FLIGHT, NAME_SPACE_VEHICLE, SEQUENCE_NUMBER, INTERNATIONAL_DESIGNATION, WEIGHT_SPACE_VEHICLE) VALUES (27, 15, 6, 9, 2, 'Dong Fang Hong-1', 4382, '1970 034А', 173);
INSERT INTO SPACE_VEHICLE (NUM_SPACE_VEHICLE, NUM_CARRIER_ROCKET, NUM_COUNTRY, NUM_COSMODROME, NUM_TYPE_SPACE_FLIGHT, NAME_SPACE_VEHICLE, SEQUENCE_NUMBER, INTERNATIONAL_DESIGNATION, WEIGHT_SPACE_VEHICLE) VALUES (25, 13, 5, 7, 2, 'Asterix-1', 1778, '1965 096А', 42);
INSERT INTO SPACE_VEHICLE (NUM_SPACE_VEHICLE, NUM_CARRIER_ROCKET, NUM_COUNTRY, NUM_COSMODROME, NUM_TYPE_SPACE_FLIGHT, NAME_SPACE_VEHICLE, SEQUENCE_NUMBER, INTERNATIONAL_DESIGNATION, WEIGHT_SPACE_VEHICLE) VALUES (26, 14, 12, 8, 9, 'Ohsumi', 4330, '1970 011А', 12);
INSERT INTO SPACE_VEHICLE (NUM_SPACE_VEHICLE, NUM_CARRIER_ROCKET, NUM_COUNTRY, NUM_COSMODROME, NUM_TYPE_SPACE_FLIGHT, NAME_SPACE_VEHICLE, SEQUENCE_NUMBER, INTERNATIONAL_DESIGNATION, WEIGHT_SPACE_VEHICLE) VALUES (28, 16, 8, 10, 10, 'San Marco-2', 2761, '1967 038А', 129);
INSERT INTO SPACE_VEHICLE (NUM_SPACE_VEHICLE, NUM_CARRIER_ROCKET, NUM_COUNTRY, NUM_COSMODROME, NUM_TYPE_SPACE_FLIGHT, NAME_SPACE_VEHICLE, SEQUENCE_NUMBER, INTERNATIONAL_DESIGNATION, WEIGHT_SPACE_VEHICLE) VALUES (29, 17, 4, 11, 2, 'Prospero', 5580, '1971 093А', 66);
INSERT INTO SPACE_VEHICLE (NUM_SPACE_VEHICLE, NUM_CARRIER_ROCKET, NUM_COUNTRY, NUM_COSMODROME, NUM_TYPE_SPACE_FLIGHT, NAME_SPACE_VEHICLE, SEQUENCE_NUMBER, INTERNATIONAL_DESIGNATION, WEIGHT_SPACE_VEHICLE) VALUES (30, 18, 14, 12, 2, 'Rohini-1B', 11899, '1980 062А', 40);
INSERT INTO SPACE_VEHICLE (NUM_SPACE_VEHICLE, NUM_CARRIER_ROCKET, NUM_COUNTRY, NUM_COSMODROME, NUM_TYPE_SPACE_FLIGHT, NAME_SPACE_VEHICLE, SEQUENCE_NUMBER, INTERNATIONAL_DESIGNATION, WEIGHT_SPACE_VEHICLE) VALUES (31, 19, 15, 13, 2, 'Offek-1', 19519, '1988 087А', 155);
INSERT INTO SPACE_VEHICLE (NUM_SPACE_VEHICLE, NUM_CARRIER_ROCKET, NUM_COUNTRY, NUM_COSMODROME, NUM_TYPE_SPACE_FLIGHT, NAME_SPACE_VEHICLE, SEQUENCE_NUMBER, INTERNATIONAL_DESIGNATION, WEIGHT_SPACE_VEHICLE) VALUES (32, 20, 16, 14, 2, 'Квангмайнсонг-1', NULL, NULL, NULL);
INSERT INTO SPACE_VEHICLE (NUM_SPACE_VEHICLE, NUM_CARRIER_ROCKET, NUM_COUNTRY, NUM_COSMODROME, NUM_TYPE_SPACE_FLIGHT, NAME_SPACE_VEHICLE, SEQUENCE_NUMBER, INTERNATIONAL_DESIGNATION, WEIGHT_SPACE_VEHICLE) VALUES (33, 21, 17, 15, 2, 'SCD-2A', NULL, NULL, 150);
INSERT INTO SPACE_VEHICLE (NUM_SPACE_VEHICLE, NUM_CARRIER_ROCKET, NUM_COUNTRY, NUM_COSMODROME, NUM_TYPE_SPACE_FLIGHT, NAME_SPACE_VEHICLE, SEQUENCE_NUMBER, INTERNATIONAL_DESIGNATION, WEIGHT_SPACE_VEHICLE) VALUES (34, 22, 19, 11, 12, 'испытательный полет', NULL, '1964 0605S', NULL);
INSERT INTO SPACE_VEHICLE (NUM_SPACE_VEHICLE, NUM_CARRIER_ROCKET, NUM_COUNTRY, NUM_COSMODROME, NUM_TYPE_SPACE_FLIGHT, NAME_SPACE_VEHICLE, SEQUENCE_NUMBER, INTERNATIONAL_DESIGNATION, WEIGHT_SPACE_VEHICLE) VALUES (35, 23, 18, 11, 2, 'Sparta-1', NULL, '1966 1128SF', NULL);
INSERT INTO SPACE_VEHICLE (NUM_SPACE_VEHICLE, NUM_CARRIER_ROCKET, NUM_COUNTRY, NUM_COSMODROME, NUM_TYPE_SPACE_FLIGHT, NAME_SPACE_VEHICLE, SEQUENCE_NUMBER, INTERNATIONAL_DESIGNATION, WEIGHT_SPACE_VEHICLE) VALUES (36, 24, 1, 1, 13, 'Космос-133', 2601, '1966 107А', NULL);
INSERT INTO SPACE_VEHICLE (NUM_SPACE_VEHICLE, NUM_CARRIER_ROCKET, NUM_COUNTRY, NUM_COSMODROME, NUM_TYPE_SPACE_FLIGHT, NAME_SPACE_VEHICLE, SEQUENCE_NUMBER, INTERNATIONAL_DESIGNATION, WEIGHT_SPACE_VEHICLE) VALUES (37, 23, 18, 11, 2, 'WRESAT', 3054, '1967 118А', NULL);
INSERT INTO SPACE_VEHICLE (NUM_SPACE_VEHICLE, NUM_CARRIER_ROCKET, NUM_COUNTRY, NUM_COSMODROME, NUM_TYPE_SPACE_FLIGHT, NAME_SPACE_VEHICLE, SEQUENCE_NUMBER, INTERNATIONAL_DESIGNATION, WEIGHT_SPACE_VEHICLE) VALUES (38, 25, 1, 1, 14, 'Луна-1', 112, '1959 Мю1', NULL);
INSERT INTO SPACE_VEHICLE (NUM_SPACE_VEHICLE, NUM_CARRIER_ROCKET, NUM_COUNTRY, NUM_COSMODROME, NUM_TYPE_SPACE_FLIGHT, NAME_SPACE_VEHICLE, SEQUENCE_NUMBER, INTERNATIONAL_DESIGNATION, WEIGHT_SPACE_VEHICLE) VALUES (39, 25, 1, 1, 14, 'Луна-2', 114, '1959 Хи1', NULL);
INSERT INTO SPACE_VEHICLE (NUM_SPACE_VEHICLE, NUM_CARRIER_ROCKET, NUM_COUNTRY, NUM_COSMODROME, NUM_TYPE_SPACE_FLIGHT, NAME_SPACE_VEHICLE, SEQUENCE_NUMBER, INTERNATIONAL_DESIGNATION, WEIGHT_SPACE_VEHICLE) VALUES (40, 26, 1, 1, 15, 'Луна-4С', 522, '1963 001А', NULL);
INSERT INTO SPACE_VEHICLE (NUM_SPACE_VEHICLE, NUM_CARRIER_ROCKET, NUM_COUNTRY, NUM_COSMODROME, NUM_TYPE_SPACE_FLIGHT, NAME_SPACE_VEHICLE, SEQUENCE_NUMBER, INTERNATIONAL_DESIGNATION, WEIGHT_SPACE_VEHICLE) VALUES (41, 26, 1, 1, 15, 'Луна-4', 566, '1963 008А', NULL);
INSERT INTO SPACE_VEHICLE (NUM_SPACE_VEHICLE, NUM_CARRIER_ROCKET, NUM_COUNTRY, NUM_COSMODROME, NUM_TYPE_SPACE_FLIGHT, NAME_SPACE_VEHICLE, SEQUENCE_NUMBER, INTERNATIONAL_DESIGNATION, WEIGHT_SPACE_VEHICLE) VALUES (42, 26, 1, 1, 15, 'Луна-5', 1366, '1965 036А', NULL);
INSERT INTO SPACE_VEHICLE (NUM_SPACE_VEHICLE, NUM_CARRIER_ROCKET, NUM_COUNTRY, NUM_COSMODROME, NUM_TYPE_SPACE_FLIGHT, NAME_SPACE_VEHICLE, SEQUENCE_NUMBER, INTERNATIONAL_DESIGNATION, WEIGHT_SPACE_VEHICLE) VALUES (43, 26, 1, 1, 15, 'Луна-10', 2126, '1966 027А', NULL);
INSERT INTO SPACE_VEHICLE (NUM_SPACE_VEHICLE, NUM_CARRIER_ROCKET, NUM_COUNTRY, NUM_COSMODROME, NUM_TYPE_SPACE_FLIGHT, NAME_SPACE_VEHICLE, SEQUENCE_NUMBER, INTERNATIONAL_DESIGNATION, WEIGHT_SPACE_VEHICLE) VALUES (44, 27, 1, 1, 15, 'Луна-16', 4527, '1970 072А', NULL);
INSERT INTO SPACE_VEHICLE (NUM_SPACE_VEHICLE, NUM_CARRIER_ROCKET, NUM_COUNTRY, NUM_COSMODROME, NUM_TYPE_SPACE_FLIGHT, NAME_SPACE_VEHICLE, SEQUENCE_NUMBER, INTERNATIONAL_DESIGNATION, WEIGHT_SPACE_VEHICLE) VALUES (45, 28, 1, 1, 17, 'Корабль-спутник', NULL, '1960 0728F', NULL);
INSERT INTO SPACE_VEHICLE (NUM_SPACE_VEHICLE, NUM_CARRIER_ROCKET, NUM_COUNTRY, NUM_COSMODROME, NUM_TYPE_SPACE_FLIGHT, NAME_SPACE_VEHICLE, SEQUENCE_NUMBER, INTERNATIONAL_DESIGNATION, WEIGHT_SPACE_VEHICLE) VALUES (46, 28, 1, 1, 17, 'Второй корабль-спутн', 55, '1960 Ламбда 1', NULL);
INSERT INTO SPACE_VEHICLE (NUM_SPACE_VEHICLE, NUM_CARRIER_ROCKET, NUM_COUNTRY, NUM_COSMODROME, NUM_TYPE_SPACE_FLIGHT, NAME_SPACE_VEHICLE, SEQUENCE_NUMBER, INTERNATIONAL_DESIGNATION, WEIGHT_SPACE_VEHICLE) VALUES (47, 28, 1, 1, 17, 'Третий корабль-спутн', 65, '1960 Ро 1', NULL);
INSERT INTO SPACE_VEHICLE (NUM_SPACE_VEHICLE, NUM_CARRIER_ROCKET, NUM_COUNTRY, NUM_COSMODROME, NUM_TYPE_SPACE_FLIGHT, NAME_SPACE_VEHICLE, SEQUENCE_NUMBER, INTERNATIONAL_DESIGNATION, WEIGHT_SPACE_VEHICLE) VALUES (48, 28, 1, 1, 17, 'Корабль-спутник 4', NULL, '1960 1222F', NULL);
INSERT INTO SPACE_VEHICLE (NUM_SPACE_VEHICLE, NUM_CARRIER_ROCKET, NUM_COUNTRY, NUM_COSMODROME, NUM_TYPE_SPACE_FLIGHT, NAME_SPACE_VEHICLE, SEQUENCE_NUMBER, INTERNATIONAL_DESIGNATION, WEIGHT_SPACE_VEHICLE) VALUES (49, 28, 1, 1, 18, 'Четвертый корабль-сп', 91, '1961 Тэта 1', NULL);
INSERT INTO SPACE_VEHICLE (NUM_SPACE_VEHICLE, NUM_CARRIER_ROCKET, NUM_COUNTRY, NUM_COSMODROME, NUM_TYPE_SPACE_FLIGHT, NAME_SPACE_VEHICLE, SEQUENCE_NUMBER, INTERNATIONAL_DESIGNATION, WEIGHT_SPACE_VEHICLE) VALUES (50, 28, 1, 1, 18, 'Пятый корабль-спутни', 95, '1961 Йота 1', NULL);
INSERT INTO SPACE_VEHICLE (NUM_SPACE_VEHICLE, NUM_CARRIER_ROCKET, NUM_COUNTRY, NUM_COSMODROME, NUM_TYPE_SPACE_FLIGHT, NAME_SPACE_VEHICLE, SEQUENCE_NUMBER, INTERNATIONAL_DESIGNATION, WEIGHT_SPACE_VEHICLE) VALUES (51, 29, 3, 5, 19, 'Mercury MA-5', 208, '1961 Альфа Йота 1', NULL);
INSERT INTO SPACE_VEHICLE (NUM_SPACE_VEHICLE, NUM_CARRIER_ROCKET, NUM_COUNTRY, NUM_COSMODROME, NUM_TYPE_SPACE_FLIGHT, NAME_SPACE_VEHICLE, SEQUENCE_NUMBER, INTERNATIONAL_DESIGNATION, WEIGHT_SPACE_VEHICLE) VALUES (52, 30, 1, 1, 20, 'Космос-110', 2070, '1966 015А', NULL);

INSERT INTO ANIMAL (NUM_ASTRONAUT, YEAR_BIRTHDAY, NAME) VALUES (1, 1955, 'ЛАЙКА');
INSERT INTO ANIMAL (NUM_ASTRONAUT, YEAR_BIRTHDAY, NAME) VALUES (2, 1956, 'ЛИСИЧКА');
INSERT INTO ANIMAL (NUM_ASTRONAUT, YEAR_BIRTHDAY, NAME) VALUES (3, 1956, 'ЧАЙКА');
INSERT INTO ANIMAL (NUM_ASTRONAUT, YEAR_BIRTHDAY, NAME) VALUES (4, 1957, 'БЕЛКА');
INSERT INTO ANIMAL (NUM_ASTRONAUT, YEAR_BIRTHDAY, NAME) VALUES (5, 1958, 'СТРЕЛКА');
INSERT INTO ANIMAL (NUM_ASTRONAUT, YEAR_BIRTHDAY, NAME) VALUES (6, 1956, 'ПЧЕЛКА');
INSERT INTO ANIMAL (NUM_ASTRONAUT, YEAR_BIRTHDAY, NAME) VALUES (7, 1965, 'МУШКА');
INSERT INTO ANIMAL (NUM_ASTRONAUT, YEAR_BIRTHDAY, NAME) VALUES (8, 1956, 'ЖЕМЧУЖИНА');
INSERT INTO ANIMAL (NUM_ASTRONAUT, YEAR_BIRTHDAY, NAME) VALUES (9, 1956, 'ЖУЛЬКА');
INSERT INTO ANIMAL (NUM_ASTRONAUT, YEAR_BIRTHDAY, NAME) VALUES (10, 1957, 'ЧЕРНУШКА');
INSERT INTO ANIMAL (NUM_ASTRONAUT, YEAR_BIRTHDAY, NAME) VALUES (11, 1957, 'ЗВЕЗДОЧКА');
INSERT INTO ANIMAL (NUM_ASTRONAUT, YEAR_BIRTHDAY, NAME) VALUES (12, NULL, 'Enos');
INSERT INTO ANIMAL (NUM_ASTRONAUT, YEAR_BIRTHDAY, NAME) VALUES (13, NULL, 'ВЕТЕРОК');
INSERT INTO ANIMAL (NUM_ASTRONAUT, YEAR_BIRTHDAY, NAME) VALUES (14, NULL, 'УГОЛЕК');

INSERT INTO ASSIGNEE (NUM_COUNTRY, DATE_CHANGE_NAME, NAME_COUNTRY) VALUES (1, '12/30/1922', 'СССР');
INSERT INTO ASSIGNEE (NUM_COUNTRY, DATE_CHANGE_NAME, NAME_COUNTRY) VALUES (1, '03/17/1991', 'Российская Федерация');
INSERT INTO ASSIGNEE (NUM_COUNTRY, DATE_CHANGE_NAME, NAME_COUNTRY) VALUES (3, '01/01/1776', 'Соединенные Штаты Америки');
INSERT INTO ASSIGNEE (NUM_COUNTRY, DATE_CHANGE_NAME, NAME_COUNTRY) VALUES (4, '01/01/1066', 'Великобритания');
INSERT INTO ASSIGNEE (NUM_COUNTRY, DATE_CHANGE_NAME, NAME_COUNTRY) VALUES (5, '01/01/1946', 'Франция 4 республика');
INSERT INTO ASSIGNEE (NUM_COUNTRY, DATE_CHANGE_NAME, NAME_COUNTRY) VALUES (5, '01/01/1958', 'Франция 5 республика');
INSERT INTO ASSIGNEE (NUM_COUNTRY, DATE_CHANGE_NAME, NAME_COUNTRY) VALUES (6, '10/01/1949', 'Китайская Народная Республика');
INSERT INTO ASSIGNEE (NUM_COUNTRY, DATE_CHANGE_NAME, NAME_COUNTRY) VALUES (7, '01/01/1992', 'Малазия');
INSERT INTO ASSIGNEE (NUM_COUNTRY, DATE_CHANGE_NAME, NAME_COUNTRY) VALUES (8, '01/01/1992', 'Италия');
INSERT INTO ASSIGNEE (NUM_COUNTRY, DATE_CHANGE_NAME, NAME_COUNTRY) VALUES (9, '01/01/1992', 'Саудовская Аравия');
INSERT INTO ASSIGNEE (NUM_COUNTRY, DATE_CHANGE_NAME, NAME_COUNTRY) VALUES (10, '01/01/1992', 'Иран');
INSERT INTO ASSIGNEE (NUM_COUNTRY, DATE_CHANGE_NAME, NAME_COUNTRY) VALUES (11, '01/01/1992', 'Люксембург');
INSERT INTO ASSIGNEE (NUM_COUNTRY, DATE_CHANGE_NAME, NAME_COUNTRY) VALUES (12, '01/01/1992', 'Япония');
INSERT INTO ASSIGNEE (NUM_COUNTRY, DATE_CHANGE_NAME, NAME_COUNTRY) VALUES (14, '01/01/1992', 'Индия');
INSERT INTO ASSIGNEE (NUM_COUNTRY, DATE_CHANGE_NAME, NAME_COUNTRY) VALUES (15, '01/01/1992', 'Израиль');
INSERT INTO ASSIGNEE (NUM_COUNTRY, DATE_CHANGE_NAME, NAME_COUNTRY) VALUES (16, '01/01/1992', 'КНДР');
INSERT INTO ASSIGNEE (NUM_COUNTRY, DATE_CHANGE_NAME, NAME_COUNTRY) VALUES (17, '01/01/1992', 'Бразилия');
INSERT INTO ASSIGNEE (NUM_COUNTRY, DATE_CHANGE_NAME, NAME_COUNTRY) VALUES (18, '01/01/1992', 'Австралия');
INSERT INTO ASSIGNEE (NUM_COUNTRY, DATE_CHANGE_NAME, NAME_COUNTRY) VALUES (19, '01/01/1992', 'ЕС');

INSERT INTO HISTORY_SPACE_VEHICLE (NUM_HISTORY_SPACE_VEHICLE, NUM_HEAVENLY_BODY, NUM_SPACE_VEHICLE, TYPE_EVENT, DATE_HISTORY_SPACE_VEHICLE, TIME_HISTORY_SPACE_VEHICLE) VALUES (1, 2, 21, 1, '12/06/1957', '16:45:00');
INSERT INTO HISTORY_SPACE_VEHICLE (NUM_HISTORY_SPACE_VEHICLE, NUM_HEAVENLY_BODY, NUM_SPACE_VEHICLE, TYPE_EVENT, DATE_HISTORY_SPACE_VEHICLE, TIME_HISTORY_SPACE_VEHICLE) VALUES (2, 2, 19, 2, '01/04/1958', NULL);
INSERT INTO HISTORY_SPACE_VEHICLE (NUM_HISTORY_SPACE_VEHICLE, NUM_HEAVENLY_BODY, NUM_SPACE_VEHICLE, TYPE_EVENT, DATE_HISTORY_SPACE_VEHICLE, TIME_HISTORY_SPACE_VEHICLE) VALUES (3, 2, 23, 1, '02/05/1958', NULL);
INSERT INTO HISTORY_SPACE_VEHICLE (NUM_HISTORY_SPACE_VEHICLE, NUM_HEAVENLY_BODY, NUM_SPACE_VEHICLE, TYPE_EVENT, DATE_HISTORY_SPACE_VEHICLE, TIME_HISTORY_SPACE_VEHICLE) VALUES (4, 2, 32, 3, '08/31/1998', '3:07:00');
INSERT INTO HISTORY_SPACE_VEHICLE (NUM_HISTORY_SPACE_VEHICLE, NUM_HEAVENLY_BODY, NUM_SPACE_VEHICLE, TYPE_EVENT, DATE_HISTORY_SPACE_VEHICLE, TIME_HISTORY_SPACE_VEHICLE) VALUES (8, 2, 34, 1, '06/05/1964', NULL);
INSERT INTO HISTORY_SPACE_VEHICLE (NUM_HISTORY_SPACE_VEHICLE, NUM_HEAVENLY_BODY, NUM_SPACE_VEHICLE, TYPE_EVENT, DATE_HISTORY_SPACE_VEHICLE, TIME_HISTORY_SPACE_VEHICLE) VALUES (5, 2, 33, 1, '11/02/1997', '12:25:00');
INSERT INTO HISTORY_SPACE_VEHICLE (NUM_HISTORY_SPACE_VEHICLE, NUM_HEAVENLY_BODY, NUM_SPACE_VEHICLE, TYPE_EVENT, DATE_HISTORY_SPACE_VEHICLE, TIME_HISTORY_SPACE_VEHICLE) VALUES (9, 2, 35, 6, '11/28/1966', NULL);
INSERT INTO HISTORY_SPACE_VEHICLE (NUM_HISTORY_SPACE_VEHICLE, NUM_HEAVENLY_BODY, NUM_SPACE_VEHICLE, TYPE_EVENT, DATE_HISTORY_SPACE_VEHICLE, TIME_HISTORY_SPACE_VEHICLE) VALUES (10, 2, 35, 1, '11/28/1966', NULL);
INSERT INTO HISTORY_SPACE_VEHICLE (NUM_HISTORY_SPACE_VEHICLE, NUM_HEAVENLY_BODY, NUM_SPACE_VEHICLE, TYPE_EVENT, DATE_HISTORY_SPACE_VEHICLE, TIME_HISTORY_SPACE_VEHICLE) VALUES (6, 1, 19, 4, '10/04/1957', NULL);
INSERT INTO HISTORY_SPACE_VEHICLE (NUM_HISTORY_SPACE_VEHICLE, NUM_HEAVENLY_BODY, NUM_SPACE_VEHICLE, TYPE_EVENT, DATE_HISTORY_SPACE_VEHICLE, TIME_HISTORY_SPACE_VEHICLE) VALUES (7, 1, 20, 4, '11/03/1957', NULL);
INSERT INTO HISTORY_SPACE_VEHICLE (NUM_HISTORY_SPACE_VEHICLE, NUM_HEAVENLY_BODY, NUM_SPACE_VEHICLE, TYPE_EVENT, DATE_HISTORY_SPACE_VEHICLE, TIME_HISTORY_SPACE_VEHICLE) VALUES (11, 2, 36, 4, '11/28/1966', NULL);
INSERT INTO HISTORY_SPACE_VEHICLE (NUM_HISTORY_SPACE_VEHICLE, NUM_HEAVENLY_BODY, NUM_SPACE_VEHICLE, TYPE_EVENT, DATE_HISTORY_SPACE_VEHICLE, TIME_HISTORY_SPACE_VEHICLE) VALUES (12, 2, 36, 7, '11/30/1966', NULL);
INSERT INTO HISTORY_SPACE_VEHICLE (NUM_HISTORY_SPACE_VEHICLE, NUM_HEAVENLY_BODY, NUM_SPACE_VEHICLE, TYPE_EVENT, DATE_HISTORY_SPACE_VEHICLE, TIME_HISTORY_SPACE_VEHICLE) VALUES (13, 2, 37, 4, '11/29/1967', NULL);
INSERT INTO HISTORY_SPACE_VEHICLE (NUM_HISTORY_SPACE_VEHICLE, NUM_HEAVENLY_BODY, NUM_SPACE_VEHICLE, TYPE_EVENT, DATE_HISTORY_SPACE_VEHICLE, TIME_HISTORY_SPACE_VEHICLE) VALUES (14, 2, 38, 4, '01/02/1959', NULL);
INSERT INTO HISTORY_SPACE_VEHICLE (NUM_HISTORY_SPACE_VEHICLE, NUM_HEAVENLY_BODY, NUM_SPACE_VEHICLE, TYPE_EVENT, DATE_HISTORY_SPACE_VEHICLE, TIME_HISTORY_SPACE_VEHICLE) VALUES (15, 1, 38, 8, '01/04/1959', NULL);
INSERT INTO HISTORY_SPACE_VEHICLE (NUM_HISTORY_SPACE_VEHICLE, NUM_HEAVENLY_BODY, NUM_SPACE_VEHICLE, TYPE_EVENT, DATE_HISTORY_SPACE_VEHICLE, TIME_HISTORY_SPACE_VEHICLE) VALUES (16, 2, 39, 4, '09/12/1959', NULL);
INSERT INTO HISTORY_SPACE_VEHICLE (NUM_HISTORY_SPACE_VEHICLE, NUM_HEAVENLY_BODY, NUM_SPACE_VEHICLE, TYPE_EVENT, DATE_HISTORY_SPACE_VEHICLE, TIME_HISTORY_SPACE_VEHICLE) VALUES (17, 3, 39, 9, '09/13/1959', NULL);
INSERT INTO HISTORY_SPACE_VEHICLE (NUM_HISTORY_SPACE_VEHICLE, NUM_HEAVENLY_BODY, NUM_SPACE_VEHICLE, TYPE_EVENT, DATE_HISTORY_SPACE_VEHICLE, TIME_HISTORY_SPACE_VEHICLE) VALUES (18, 2, 40, 4, '01/04/1963', NULL);
INSERT INTO HISTORY_SPACE_VEHICLE (NUM_HISTORY_SPACE_VEHICLE, NUM_HEAVENLY_BODY, NUM_SPACE_VEHICLE, TYPE_EVENT, DATE_HISTORY_SPACE_VEHICLE, TIME_HISTORY_SPACE_VEHICLE) VALUES (19, 3, 40, 8, '01/04/1963', NULL);
INSERT INTO HISTORY_SPACE_VEHICLE (NUM_HISTORY_SPACE_VEHICLE, NUM_HEAVENLY_BODY, NUM_SPACE_VEHICLE, TYPE_EVENT, DATE_HISTORY_SPACE_VEHICLE, TIME_HISTORY_SPACE_VEHICLE) VALUES (20, 3, 40, 2, '01/05/1963', NULL);
INSERT INTO HISTORY_SPACE_VEHICLE (NUM_HISTORY_SPACE_VEHICLE, NUM_HEAVENLY_BODY, NUM_SPACE_VEHICLE, TYPE_EVENT, DATE_HISTORY_SPACE_VEHICLE, TIME_HISTORY_SPACE_VEHICLE) VALUES (21, 2, 41, 4, '04/02/1963', NULL);
INSERT INTO HISTORY_SPACE_VEHICLE (NUM_HISTORY_SPACE_VEHICLE, NUM_HEAVENLY_BODY, NUM_SPACE_VEHICLE, TYPE_EVENT, DATE_HISTORY_SPACE_VEHICLE, TIME_HISTORY_SPACE_VEHICLE) VALUES (22, 3, 41, 10, '04/05/1963', NULL);
INSERT INTO HISTORY_SPACE_VEHICLE (NUM_HISTORY_SPACE_VEHICLE, NUM_HEAVENLY_BODY, NUM_SPACE_VEHICLE, TYPE_EVENT, DATE_HISTORY_SPACE_VEHICLE, TIME_HISTORY_SPACE_VEHICLE) VALUES (23, 2, 42, 4, '05/09/1965', NULL);
INSERT INTO HISTORY_SPACE_VEHICLE (NUM_HISTORY_SPACE_VEHICLE, NUM_HEAVENLY_BODY, NUM_SPACE_VEHICLE, TYPE_EVENT, DATE_HISTORY_SPACE_VEHICLE, TIME_HISTORY_SPACE_VEHICLE) VALUES (24, 2, 42, 11, '05/12/1965', NULL);
INSERT INTO HISTORY_SPACE_VEHICLE (NUM_HISTORY_SPACE_VEHICLE, NUM_HEAVENLY_BODY, NUM_SPACE_VEHICLE, TYPE_EVENT, DATE_HISTORY_SPACE_VEHICLE, TIME_HISTORY_SPACE_VEHICLE) VALUES (25, 2, 43, 4, '03/31/1966', NULL);
INSERT INTO HISTORY_SPACE_VEHICLE (NUM_HISTORY_SPACE_VEHICLE, NUM_HEAVENLY_BODY, NUM_SPACE_VEHICLE, TYPE_EVENT, DATE_HISTORY_SPACE_VEHICLE, TIME_HISTORY_SPACE_VEHICLE) VALUES (26, 3, 43, 4, '04/03/1966', NULL);
INSERT INTO HISTORY_SPACE_VEHICLE (NUM_HISTORY_SPACE_VEHICLE, NUM_HEAVENLY_BODY, NUM_SPACE_VEHICLE, TYPE_EVENT, DATE_HISTORY_SPACE_VEHICLE, TIME_HISTORY_SPACE_VEHICLE) VALUES (27, 3, 43, 9, '05/29/1966', NULL);
INSERT INTO HISTORY_SPACE_VEHICLE (NUM_HISTORY_SPACE_VEHICLE, NUM_HEAVENLY_BODY, NUM_SPACE_VEHICLE, TYPE_EVENT, DATE_HISTORY_SPACE_VEHICLE, TIME_HISTORY_SPACE_VEHICLE) VALUES (28, 2, 44, 4, '09/12/1970', NULL);
INSERT INTO HISTORY_SPACE_VEHICLE (NUM_HISTORY_SPACE_VEHICLE, NUM_HEAVENLY_BODY, NUM_SPACE_VEHICLE, TYPE_EVENT, DATE_HISTORY_SPACE_VEHICLE, TIME_HISTORY_SPACE_VEHICLE) VALUES (29, 2, 44, 4, '09/13/1970', NULL);
INSERT INTO HISTORY_SPACE_VEHICLE (NUM_HISTORY_SPACE_VEHICLE, NUM_HEAVENLY_BODY, NUM_SPACE_VEHICLE, TYPE_EVENT, DATE_HISTORY_SPACE_VEHICLE, TIME_HISTORY_SPACE_VEHICLE) VALUES (30, 3, 44, 4, '09/17/1970', NULL);
INSERT INTO HISTORY_SPACE_VEHICLE (NUM_HISTORY_SPACE_VEHICLE, NUM_HEAVENLY_BODY, NUM_SPACE_VEHICLE, TYPE_EVENT, DATE_HISTORY_SPACE_VEHICLE, TIME_HISTORY_SPACE_VEHICLE) VALUES (31, 3, 44, 7, '09/20/1970', '5:18:00');
INSERT INTO HISTORY_SPACE_VEHICLE (NUM_HISTORY_SPACE_VEHICLE, NUM_HEAVENLY_BODY, NUM_SPACE_VEHICLE, TYPE_EVENT, DATE_HISTORY_SPACE_VEHICLE, TIME_HISTORY_SPACE_VEHICLE) VALUES (32, 3, 44, 13, '09/21/1970', '7:43:00');
INSERT INTO HISTORY_SPACE_VEHICLE (NUM_HISTORY_SPACE_VEHICLE, NUM_HEAVENLY_BODY, NUM_SPACE_VEHICLE, TYPE_EVENT, DATE_HISTORY_SPACE_VEHICLE, TIME_HISTORY_SPACE_VEHICLE) VALUES (33, 2, 44, 7, '09/24/1970', '5:26:00');
INSERT INTO HISTORY_SPACE_VEHICLE (NUM_HISTORY_SPACE_VEHICLE, NUM_HEAVENLY_BODY, NUM_SPACE_VEHICLE, TYPE_EVENT, DATE_HISTORY_SPACE_VEHICLE, TIME_HISTORY_SPACE_VEHICLE) VALUES (34, 2, 20, 2, '04/14/1958', NULL);
INSERT INTO HISTORY_SPACE_VEHICLE (NUM_HISTORY_SPACE_VEHICLE, NUM_HEAVENLY_BODY, NUM_SPACE_VEHICLE, TYPE_EVENT, DATE_HISTORY_SPACE_VEHICLE, TIME_HISTORY_SPACE_VEHICLE) VALUES (35, 2, 22, 2, '03/31/1970', NULL);
INSERT INTO HISTORY_SPACE_VEHICLE (NUM_HISTORY_SPACE_VEHICLE, NUM_HEAVENLY_BODY, NUM_SPACE_VEHICLE, TYPE_EVENT, DATE_HISTORY_SPACE_VEHICLE, TIME_HISTORY_SPACE_VEHICLE) VALUES (36, 2, 24, 2, '06/28/1958', NULL);
INSERT INTO HISTORY_SPACE_VEHICLE (NUM_HISTORY_SPACE_VEHICLE, NUM_HEAVENLY_BODY, NUM_SPACE_VEHICLE, TYPE_EVENT, DATE_HISTORY_SPACE_VEHICLE, TIME_HISTORY_SPACE_VEHICLE) VALUES (37, 2, 28, 2, '10/14/1967', NULL);
INSERT INTO HISTORY_SPACE_VEHICLE (NUM_HISTORY_SPACE_VEHICLE, NUM_HEAVENLY_BODY, NUM_SPACE_VEHICLE, TYPE_EVENT, DATE_HISTORY_SPACE_VEHICLE, TIME_HISTORY_SPACE_VEHICLE) VALUES (38, 2, 30, 2, '05/20/1981', NULL);
INSERT INTO HISTORY_SPACE_VEHICLE (NUM_HISTORY_SPACE_VEHICLE, NUM_HEAVENLY_BODY, NUM_SPACE_VEHICLE, TYPE_EVENT, DATE_HISTORY_SPACE_VEHICLE, TIME_HISTORY_SPACE_VEHICLE) VALUES (39, 2, 31, 2, '01/14/1989', NULL);
INSERT INTO HISTORY_SPACE_VEHICLE (NUM_HISTORY_SPACE_VEHICLE, NUM_HEAVENLY_BODY, NUM_SPACE_VEHICLE, TYPE_EVENT, DATE_HISTORY_SPACE_VEHICLE, TIME_HISTORY_SPACE_VEHICLE) VALUES (40, 2, 45, 1, '07/28/1960', NULL);
INSERT INTO HISTORY_SPACE_VEHICLE (NUM_HISTORY_SPACE_VEHICLE, NUM_HEAVENLY_BODY, NUM_SPACE_VEHICLE, TYPE_EVENT, DATE_HISTORY_SPACE_VEHICLE, TIME_HISTORY_SPACE_VEHICLE) VALUES (41, 2, 46, 7, '08/20/1960', NULL);
INSERT INTO HISTORY_SPACE_VEHICLE (NUM_HISTORY_SPACE_VEHICLE, NUM_HEAVENLY_BODY, NUM_SPACE_VEHICLE, TYPE_EVENT, DATE_HISTORY_SPACE_VEHICLE, TIME_HISTORY_SPACE_VEHICLE) VALUES (42, 2, 47, 14, '12/02/1960', NULL);
INSERT INTO HISTORY_SPACE_VEHICLE (NUM_HISTORY_SPACE_VEHICLE, NUM_HEAVENLY_BODY, NUM_SPACE_VEHICLE, TYPE_EVENT, DATE_HISTORY_SPACE_VEHICLE, TIME_HISTORY_SPACE_VEHICLE) VALUES (43, 1, 48, 1, '12/22/1960', NULL);
INSERT INTO HISTORY_SPACE_VEHICLE (NUM_HISTORY_SPACE_VEHICLE, NUM_HEAVENLY_BODY, NUM_SPACE_VEHICLE, TYPE_EVENT, DATE_HISTORY_SPACE_VEHICLE, TIME_HISTORY_SPACE_VEHICLE) VALUES (44, 2, 49, 7, '03/09/1961', NULL);
INSERT INTO HISTORY_SPACE_VEHICLE (NUM_HISTORY_SPACE_VEHICLE, NUM_HEAVENLY_BODY, NUM_SPACE_VEHICLE, TYPE_EVENT, DATE_HISTORY_SPACE_VEHICLE, TIME_HISTORY_SPACE_VEHICLE) VALUES (45, 2, 50, 7, '03/25/1961', NULL);
INSERT INTO HISTORY_SPACE_VEHICLE (NUM_HISTORY_SPACE_VEHICLE, NUM_HEAVENLY_BODY, NUM_SPACE_VEHICLE, TYPE_EVENT, DATE_HISTORY_SPACE_VEHICLE, TIME_HISTORY_SPACE_VEHICLE) VALUES (46, 2, 51, 15, '11/29/1961', NULL);
INSERT INTO HISTORY_SPACE_VEHICLE (NUM_HISTORY_SPACE_VEHICLE, NUM_HEAVENLY_BODY, NUM_SPACE_VEHICLE, TYPE_EVENT, DATE_HISTORY_SPACE_VEHICLE, TIME_HISTORY_SPACE_VEHICLE) VALUES (47, 2, 52, 15, '03/16/1966', NULL);
INSERT INTO HISTORY_SPACE_VEHICLE (NUM_HISTORY_SPACE_VEHICLE, NUM_HEAVENLY_BODY, NUM_SPACE_VEHICLE, TYPE_EVENT, DATE_HISTORY_SPACE_VEHICLE, TIME_HISTORY_SPACE_VEHICLE) VALUES (48, 2, 14, 7, '09/20/2000', '7:56:48');

INSERT INTO SPACE_FLIGHT (NUM_SPACE_FLIGHT, NUM_SPACE_VEHICLE, NUM_ASTRONAUT, NUM_STATUS, FLIGHT_ENDURANCE) VALUES (1, 20, 1, 1, NULL);
INSERT INTO SPACE_FLIGHT (NUM_SPACE_FLIGHT, NUM_SPACE_VEHICLE, NUM_ASTRONAUT, NUM_STATUS, FLIGHT_ENDURANCE) VALUES (2, 45, 2, 1, NULL);
INSERT INTO SPACE_FLIGHT (NUM_SPACE_FLIGHT, NUM_SPACE_VEHICLE, NUM_ASTRONAUT, NUM_STATUS, FLIGHT_ENDURANCE) VALUES (3, 45, 3, 1, NULL);
INSERT INTO SPACE_FLIGHT (NUM_SPACE_FLIGHT, NUM_SPACE_VEHICLE, NUM_ASTRONAUT, NUM_STATUS, FLIGHT_ENDURANCE) VALUES (5, 46, 4, 1, NULL);
INSERT INTO SPACE_FLIGHT (NUM_SPACE_FLIGHT, NUM_SPACE_VEHICLE, NUM_ASTRONAUT, NUM_STATUS, FLIGHT_ENDURANCE) VALUES (6, 46, 5, 1, NULL);
INSERT INTO SPACE_FLIGHT (NUM_SPACE_FLIGHT, NUM_SPACE_VEHICLE, NUM_ASTRONAUT, NUM_STATUS, FLIGHT_ENDURANCE) VALUES (7, 47, 6, 1, NULL);
INSERT INTO SPACE_FLIGHT (NUM_SPACE_FLIGHT, NUM_SPACE_VEHICLE, NUM_ASTRONAUT, NUM_STATUS, FLIGHT_ENDURANCE) VALUES (8, 47, 7, 1, NULL);
INSERT INTO SPACE_FLIGHT (NUM_SPACE_FLIGHT, NUM_SPACE_VEHICLE, NUM_ASTRONAUT, NUM_STATUS, FLIGHT_ENDURANCE) VALUES (9, 48, 8, 1, NULL);
INSERT INTO SPACE_FLIGHT (NUM_SPACE_FLIGHT, NUM_SPACE_VEHICLE, NUM_ASTRONAUT, NUM_STATUS, FLIGHT_ENDURANCE) VALUES (10, 48, 9, 1, NULL);
INSERT INTO SPACE_FLIGHT (NUM_SPACE_FLIGHT, NUM_SPACE_VEHICLE, NUM_ASTRONAUT, NUM_STATUS, FLIGHT_ENDURANCE) VALUES (11, 49, 10, 1, NULL);
INSERT INTO SPACE_FLIGHT (NUM_SPACE_FLIGHT, NUM_SPACE_VEHICLE, NUM_ASTRONAUT, NUM_STATUS, FLIGHT_ENDURANCE) VALUES (12, 50, 11, 1, NULL);
INSERT INTO SPACE_FLIGHT (NUM_SPACE_FLIGHT, NUM_SPACE_VEHICLE, NUM_ASTRONAUT, NUM_STATUS, FLIGHT_ENDURANCE) VALUES (13, 51, 12, 1, NULL);
INSERT INTO SPACE_FLIGHT (NUM_SPACE_FLIGHT, NUM_SPACE_VEHICLE, NUM_ASTRONAUT, NUM_STATUS, FLIGHT_ENDURANCE) VALUES (14, 52, 13, 2, NULL);
INSERT INTO SPACE_FLIGHT (NUM_SPACE_FLIGHT, NUM_SPACE_VEHICLE, NUM_ASTRONAUT, NUM_STATUS, FLIGHT_ENDURANCE) VALUES (15, 52, 14, 1, NULL);
INSERT INTO SPACE_FLIGHT (NUM_SPACE_FLIGHT, NUM_SPACE_VEHICLE, NUM_ASTRONAUT, NUM_STATUS, FLIGHT_ENDURANCE) VALUES (17, 14, 15, 3, NULL);
INSERT INTO SPACE_FLIGHT (NUM_SPACE_FLIGHT, NUM_SPACE_VEHICLE, NUM_ASTRONAUT, NUM_STATUS, FLIGHT_ENDURANCE) VALUES (18, 14, 16, 4, NULL);
INSERT INTO SPACE_FLIGHT (NUM_SPACE_FLIGHT, NUM_SPACE_VEHICLE, NUM_ASTRONAUT, NUM_STATUS, FLIGHT_ENDURANCE) VALUES (19, 14, 17, 5, NULL);
INSERT INTO SPACE_FLIGHT (NUM_SPACE_FLIGHT, NUM_SPACE_VEHICLE, NUM_ASTRONAUT, NUM_STATUS, FLIGHT_ENDURANCE) VALUES (20, 14, 18, 5, NULL);
INSERT INTO SPACE_FLIGHT (NUM_SPACE_FLIGHT, NUM_SPACE_VEHICLE, NUM_ASTRONAUT, NUM_STATUS, FLIGHT_ENDURANCE) VALUES (21, 14, 19, 5, NULL);
INSERT INTO SPACE_FLIGHT (NUM_SPACE_FLIGHT, NUM_SPACE_VEHICLE, NUM_ASTRONAUT, NUM_STATUS, FLIGHT_ENDURANCE) VALUES (22, 14, 20, 5, NULL);
INSERT INTO SPACE_FLIGHT (NUM_SPACE_FLIGHT, NUM_SPACE_VEHICLE, NUM_ASTRONAUT, NUM_STATUS, FLIGHT_ENDURANCE) VALUES (23, 14, 21, 5, NULL);
